{"AT(C->A)TG": 188, "GA(C->T)AG": 642, "AT(C->T)TT": 764, "CA(C->T)TA": 561, "GA(T->C)AG": 1154, "AT(C->G)TA": 316, "CA(C->G)GA": 289, "TT(C->T)CA": 543, "AC(C->T)TG": 692, "TT(C->T)AC": 591, "GC(C->T)GT": 742, "GG(C->T)GG": 682, "GG(C->G)AG": 394, "GT(C->T)AT": 718, "AT(C->T)CT": 732, "GG(T->C)CA": 1050, "AT(T->C)GT": 1260, "AC(C->T)TA": 564, "CT(C->G)AC": 333, "AG(C->T)GA": 552, "TT(C->T)CT": 735, "CC(C->T)AC": 581, "TA(C->A)GT": 227, "GA(T->C)TG": 1202, "TG(C->T)AG": 651, "CT(C->G)AG": 397, "CA(T->A)TG": 945, "CT(C->G)GG": 429, "TT(C->G)TA": 319, "AT(C->G)AA": 268, "TA(C->T)GA": 547, "TT(C->A)AG": 143, "GG(T->C)GC": 1130, "AC(T->C)GG": 1188, "TA(T->C)GG": 1187, "CT(C->T)CG": 669, "AG(T->A)GG": 936, "CT(C->A)AA": 13, "AG(T->C)TC": 1144, "AT(C->G)AG": 396, "AT(C->T)CA": 540, "CC(C->A)TA": 53, "TT(C->T)AA": 527, "TA(C->G)CC": 339, "GT(C->G)AG": 398, "TC(C->G)TG": 439, "TC(C->T)CT": 727, "CC(C->T)GA": 549, "CC(T->G)GC": 1381, "AA(T->C)AA": 1024, "AG(C->T)CG": 664, "TT(C->T)TA": 575, "CA(C->T)TT": 753, "AT(C->G)TC": 380, "GT(C->G)AA": 270, "CT(C->A)CC": 93, "AT(T->A)TT": 1020, "CT(C->T)AT": 717, "CC(C->G)AA": 261, "CC(C->T)AA": 517, "CC(C->G)GC": 357, "TG(C->G)GT": 491, "CC(C->A)GG": 165, "AC(C->T)GT": 740, "CC(C->T)TT": 757, "CT(C->G)TT": 509, "CC(T->A)GA": 805, "CA(C->T)GC": 609, "CT(C->T)AC": 589, "TC(T->C)CA": 1047, "AC(C->G)GA": 292, "CG(C->A)TC": 121, "GC(C->G)CC": 342, "AG(C->G)TG": 440, "AT(C->G)AC": 332, "AC(C->G)CC": 340, "AT(C->G)TG": 444, "CT(C->T)AG": 653, "TC(C->A)AG": 135, "GT(C->T)TC": 638, "GC(C->T)GA": 550, "TG(C->T)CC": 603, "AC(C->T)GA": 548, "CG(T->C)GT": 1257, "CA(C->G)CT": 465, "TT(C->T)CG": 671, "CA(C->A)CC": 81, "AT(C->G)GA": 300, "TC(C->T)GC": 615, "TC(C->T)GA": 551, "CT(C->A)CT": 221, "CT(C->T)GT": 749, "CA(C->T)CA": 529, "CA(C->A)CA": 17, "GC(C->G)GG": 422, "CA(C->T)GG": 673, "AT(C->T)AG": 652, "CT(C->G)AA": 269, "CA(C->G)CG": 401, "AC(C->G)CG": 404, "TG(C->T)AC": 587, "TC(C->A)TG": 183, "GG(C->T)GT": 746, "CT(C->T)TC": 637, "TT(C->T)GG": 687, "GC(T->G)CC": 1366, "CT(C->T)TT": 765, "GC(C->G)AG": 390, "CT(C->T)GG": 685, "TG(C->T)GG": 683, "TT(C->T)TG": 703, "GA(C->A)CC": 82, "GG(C->T)GA": 554, "TT(C->T)AT": 719, "AT(C->T)AT": 716, "GG(C->G)TT": 506, "TG(C->T)CT": 731, "CA(C->G)TG": 433, "CT(C->T)CC": 605, "CC(C->T)CC": 597, "CT(C->T)CT": 733, "CT(C->G)GC": 365, "GA(C->G)CG": 402, "TC(C->T)AT": 711, "AT(C->T)TC": 636, "GT(C->T)AG": 654, "CT(C->G)TC": 381, "GC(T->C)GG": 1190, "CT(C->G)CA": 285, "CC(C->T)AG": 645, "TC(T->C)TC": 1143, "TA(T->A)TT": 1011, "GT(T->C)TG": 1214, "CT(C->T)AA": 525, "CT(C->G)TA": 317, "TG(C->G)CA": 283, "GA(C->T)GG": 674, "GC(C->G)TG": 438, "AG(C->T)GG": 680, "TC(C->T)CC": 599, "CA(C->G)CC": 337, "AT(C->T)CC": 604, "CG(C->T)GG": 681, "GC(C->A)TC": 118, "CC(C->T)CG": 661, "GA(T->G)CG": 1426, "AT(C->A)CC": 92, "CA(T->C)TG": 1201, "GA(C->A)CA": 18, "TC(C->T)CA": 535, "AG(C->T)CA": 536, "CC(C->A)GC": 101, "GG(T->G)GG": 1450, "GT(C->T)CC": 606, "CA(C->T)CT": 721, "CC(C->A)CG": 149, "TA(C->A)AG": 131, "AC(C->T)GC": 612, "AC(T->C)AT": 1220, "GC(C->A)TG": 182, "CC(C->A)TG": 181, "GT(C->G)TA": 318, "CC(T->A)GG": 933, "CA(C->G)GG": 417, "CG(T->C)GC": 1129, "CC(C->T)GG": 677, "AG(C->A)CT": 216, "CC(C->G)CA": 277, "CC(C->G)AC": 325, "TA(T->G)GG": 1443, "CC(T->A)CC": 853, "CC(T->A)CA": 789, "TC(C->T)GT": 743, "CA(T->G)AG": 1409, "CA(C->A)GG": 161, "CC(C->G)CC": 341, "GG(C->T)CT": 730, "CG(C->T)GT": 745, "TA(C->A)AA": 3, "CA(C->G)AG": 385, "TA(T->C)TA": 1075, "AT(T->A)TC": 892, "GC(T->C)TA": 1078, "AG(C->T)CC": 600, "TT(C->T)TC": 639, "TG(T->C)AA": 1035, "TG(C->T)AT": 715, "TT(C->G)TG": 447, "GC(T->A)GT": 998, "TG(T->C)GT": 1259, "GA(C->G)CT": 466, "AC(T->C)AA": 1028, "GT(C->A)CC": 94, "CT(C->G)GT": 493, "AG(C->G)AC": 328, "CC(C->A)AT": 197, "CA(C->T)AC": 577, "CT(C->A)TC": 125, "GG(T->A)GG": 938, "GG(C->T)CC": 602, "CT(C->A)GG": 173, "CC(C->A)CC": 85, "AG(T->G)AA": 1288, "CG(C->G)GA": 297, "CG(C->T)GA": 553, "AG(C->T)GT": 744, "CT(C->T)CA": 541, "GA(C->G)CC": 338, "GG(T->G)AA": 1290, "CG(T->C)TC": 1145, "GG(C->A)TT": 250, "CC(C->G)AG": 389, "CT(C->G)CT": 477, "AG(C->A)AG": 136, "GT(C->A)AC": 78, "CG(C->T)GC": 617, "TG(C->A)CT": 219, "GG(C->T)TC": 634, "CT(C->T)GC": 621, "AG(C->G)CA": 280, "CA(C->G)GC": 353, "TC(C->T)AC": 583, "TT(C->T)AG": 655, "TC(C->G)GG": 423, "CA(C->G)CA": 273, "TC(T->G)GA": 1319, "GG(C->A)AG": 138, "GT(C->G)TG": 446, "CC(C->T)CT": 725, "TC(C->G)CC": 343, "TG(C->A)AG": 139, "CA(T->C)AG": 1153, "AT(C->T)GC": 620, "AT(C->A)GC": 108, "AT(C->T)AC": 588, "AA(C->T)CA": 528, "TC(C->T)AG": 647, "CC(C->T)TG": 693, "GT(C->A)AG": 142, "CT(C->A)GC": 109, "GA(C->T)CT": 722, "GG(C->A)CG": 154, "GT(C->G)AT": 462, "GT(C->A)CT": 222, "TT(C->T)GT": 751, "TT(C->T)TT": 767, "GT(C->T)TG": 702, "CA(T->C)GT": 1249, "CC(C->A)TC": 117, "CA(C->T)CC": 593, "AC(C->T)GG": 676, "TC(T->G)GT": 1511, "TC(T->A)GC": 871, "TG(C->A)CG": 155, "GG(C->G)GA": 298, "CA(C->A)TG": 177, "GC(C->G)GT": 486, "GC(C->T)GG": 678, "GG(C->A)TG": 186, "TC(C->T)TG": 695, "TC(T->C)AT": 1223, "GC(C->T)AC": 582, "TC(T->A)CT": 983, "AG(T->C)TG": 1208, "GC(C->T)TG": 694, "AT(C->T)AA": 524, "CC(C->T)GC": 613, "GT(C->T)GG": 686, "GC(C->A)CC": 86, "CT(C->G)TG": 445, "AC(C->T)CT": 724, "TA(C->T)GT": 739, "TT(C->T)GC": 623, "GA(C->A)AC": 66, "TG(C->G)CC": 347, "AT(C->G)CA": 284, "GG(T->C)CC": 1114, "GG(T->A)GA": 810, "GC(C->T)GC": 614, "AA(C->G)CA": 272, "CA(C->A)AG": 129, "AG(C->T)TG": 696, "TG(T->C)GG": 1195, "GT(C->A)TT": 254, "AG(T->C)AC": 1096, "GT(C->T)CT": 734, "GG(T->C)TA": 1082, "CT(C->A)AG": 141, "GC(C->G)TT": 502, "GC(C->A)AC": 70, "TG(C->T)CG": 667, "AC(C->G)AG": 388, "GG(C->T)CA": 538, "CA(C->A)CT": 209, "CA(T->G)GT": 1505, "AG(C->T)AA": 520, "GA(C->A)CG": 146, "GC(C->T)CC": 598, "TG(T->G)GG": 1451, "AG(T->C)CC": 1112, "CC(C->A)GT": 229, "CC(T->C)GT": 1253, "AT(T->C)TT": 1276, "TT(T->G)TT": 1535, "GA(T->C)GT": 1250, "CC(C->T)AT": 709, "CG(C->T)CC": 601, "CG(C->A)GA": 41, "TA(T->A)CT": 979, "AT(C->A)TT": 252, "CG(C->G)CA": 281, "AT(C->T)GA": 556, "TT(C->A)CT": 223, "CC(C->G)TC": 373, "TT(C->G)GG": 431, "GC(T->C)TT": 1270, "AT(C->G)TT": 508, "GA(C->G)GC": 354, "TG(C->A)AA": 11, "AT(C->A)CA": 28, "AC(T->G)GA": 1316, "GC(C->G)AT": 454, "CC(C->G)GT": 485, "AA(T->C)AG": 1152, "GG(C->T)GC": 618, "CA(C->T)GT": 737, "AC(C->A)CC": 84, "AG(C->T)TC": 632, "TT(C->A)AT": 207, "CT(C->T)GA": 557, "TG(C->T)GT": 747, "GC(C->T)TC": 630, "TC(T->C)CT": 1239, "GA(C->G)AG": 386, "GC(T->G)GT": 1510, "CG(C->T)AG": 649, "GC(C->G)GC": 358, "GG(T->A)CT": 986, "GC(T->A)CG": 918, "CC(C->A)AC": 69, "GT(C->G)CT": 478, "TA(C->T)AT": 707, "CA(C->A)CG": 145, "CC(C->G)TT": 501, "CC(C->T)CA": 533, "GT(T->A)TC": 894, "TC(C->T)GG": 679, "AC(T->C)AC": 1092, "AC(C->A)CT": 212, "CA(T->C)GG": 1185, "CC(C->T)GT": 741, "TC(T->A)AC": 839, "GT(C->G)AC": 334, "TT(C->T)CC": 607, "CT(T->C)TC": 1149, "CT(C->A)AT": 205, "GC(T->G)CG": 1430, "AG(C->A)TA": 56, "CC(T->C)AT": 1221, "CT(C->A)TG": 189, "GG(C->T)TG": 698, "GC(T->C)GA": 1062, "CT(C->G)AT": 461, "GT(C->G)TC": 382, "TC(C->G)TC": 375, "AG(T->C)GT": 1256, "TT(C->G)AA": 271, "AC(T->A)TA": 820, "CC(C->A)CA": 21, "GT(T->A)GG": 942, "GT(C->T)CA": 542, "CT(C->T)TG": 701, "AG(C->T)AG": 648, "GA(C->A)AG": 130, "CA(C->T)AT": 705, "AC(C->T)AG": 644, "TG(T->G)GA": 1323, "AA(T->A)TT": 1008, "TG(C->T)TC": 635, "TA(C->G)AT": 451, "AG(C->T)AT": 712, "AG(C->G)AA": 264, "TG(C->A)TC": 123, "TT(C->G)AC": 335, "CA(C->T)GA": 545, "AA(C->G)AA": 256, "AC(C->G)CA": 276, "TT(T->A)CA": 799, "TT(T->C)AC": 1103, "TG(C->A)GC": 107, "AA(T->A)AG": 896, "TT(C->G)TT": 511, "GA(C->G)TA": 306, "GC(C->A)CT": 214, "GG(C->A)CT": 218, "GG(C->A)AT": 202, "TA(C->G)AA": 259, "TC(C->A)AA": 7, "TC(T->C)TT": 1271, "TA(C->T)AG": 643, "AC(T->C)GC": 1124, "AA(T->A)CT": 976, "GA(C->T)TA": 562, "GC(T->C)CA": 1046, "AC(C->T)TC": 628, "TT(C->A)CC": 95, "GG(C->T)AC": 586, "TG(C->T)CA": 539, "AA(C->T)AT": 704, "AG(C->G)TA": 312, "GA(C->G)CA": 274, "TG(C->A)CA": 27, "GT(C->T)GT": 750, "AA(T->C)GG": 1184, "TG(C->T)GA": 555, "CC(T->C)GA": 1061, "AG(C->G)CT": 472, "CG(T->C)CC": 1113, "AA(C->A)CT": 208, "GG(T->C)TC": 1146, "TT(T->G)TA": 1343, "TT(C->A)TC": 127, "GG(C->T)CG": 666, "TG(C->T)GC": 619, "TT(T->C)TA": 1087, "CC(T->A)CG": 917, "GA(C->A)AA": 2, "TT(T->C)GT": 1263, "GT(C->A)GC": 110, "GC(C->T)CT": 726, "GC(T->G)AC": 1350, "AC(C->G)TA": 308, "TT(T->C)CC": 1119, "GC(C->G)GA": 294, "GC(T->C)GT": 1254, "TT(C->G)TC": 383, "GG(T->C)GA": 1066, "GT(C->T)GC": 622, "TT(T->C)TT": 1279, "AT(C->A)AC": 76, "CT(T->G)GG": 1453, "CA(C->G)TT": 497, "AT(C->G)AT": 460, "AT(T->C)GA": 1068, "TT(C->G)CT": 479, "CT(C->T)TA": 573, "TG(C->A)CC": 91, "TT(T->C)AT": 1231, "AG(T->C)CT": 1240, "GG(C->A)GT": 234, "CC(C->A)AG": 133, "CA(T->G)GC": 1377, "AA(C->T)GC": 608, "CT(T->C)GG": 1197, "AA(C->A)AT": 192, "AG(C->T)AC": 584, "GC(C->A)AG": 134, "GA(C->T)CA": 530, "CT(C->G)CC": 349, "GC(T->G)TG": 1462, "AA(C->G)CC": 336, "GG(C->T)AG": 650, "TA(T->C)AT": 1219, "GC(C->G)TA": 310, "GG(T->G)TT": 1530, "CT(T->G)TG": 1469, "AT(C->T)TG": 700, "TA(C->T)CT": 723, "CA(T->C)TT": 1265, "GA(T->A)CA": 786, "AC(T->A)CC": 852, "CC(T->A)GC": 869, "AA(C->T)TA": 560, "AG(C->A)TG": 184, "CA(T->C)GC": 1121, "GA(T->A)TT": 1010, "GA(T->A)AT": 962, "CT(T->A)TT": 1021, "TG(T->G)TT": 1531, "AT(T->G)TT": 1532, "GG(T->C)TT": 1274, "CA(T->G)TC": 1393, "GA(T->C)GG": 1186, "GG(T->C)TG": 1210, "GT(C->T)GA": 558, "TC(C->T)TC": 631, "AA(C->T)GT": 736, "GC(T->G)CT": 1494, "AG(C->A)CA": 24, "GG(T->A)CC": 858, "GC(T->C)AG": 1158, "CC(T->C)CT": 1237, "GA(C->G)GT": 482, "TT(T->A)AA": 783, "GC(C->G)CG": 406, "GG(C->T)TT": 762, "GC(C->A)CA": 22, "TT(C->A)AC": 79, "TC(T->A)CC": 855, "GA(C->T)GC": 610, "GA(C->T)GT": 738, "AC(C->T)CA": 532, "GC(C->T)TA": 566, "TA(C->T)TG": 691, "TC(C->A)TA": 55, "GC(C->T)AT": 710, "GC(C->T)CG": 662, "GT(C->G)GC": 366, "AC(T->C)CC": 1108, "GC(T->G)GC": 1382, "GA(C->T)CC": 594, "GA(C->A)TT": 242, "AT(C->G)GG": 428, "TC(T->C)GT": 1255, "AC(T->C)GA": 1060, "TG(T->G)GC": 1387, "GC(C->G)TC": 374, "GT(T->A)CA": 798, "AG(C->T)GC": 616, "AC(C->G)AC": 324, "TC(C->A)CT": 215, "GA(C->T)GA": 546, "GC(C->T)TT": 758, "GC(C->T)CA": 534, "AT(C->A)AT": 204, "GT(T->C)CC": 1118, "GC(C->T)AG": 646, "AT(C->A)GT": 236, "AC(T->G)TT": 1524, "AC(T->G)AA": 1284, "AT(T->G)AA": 1292, "TA(C->T)TC": 627, "GG(C->T)AA": 522, "AT(T->A)GG": 940, "AA(T->C)CA": 1040, "TG(C->T)TG": 699, "TT(C->G)CA": 287, "GT(C->A)CA": 30, "AC(T->A)GT": 996, "CC(T->C)GG": 1189, "GG(C->G)TG": 442, "GA(T->C)CT": 1234, "GT(C->A)GG": 174, "CT(T->A)TG": 957, "CA(C->G)AA": 257, "CG(T->C)CG": 1177, "TT(T->A)GT": 1007, "CT(C->A)TA": 61, "AC(C->A)AG": 132, "TG(C->G)TA": 315, "AA(C->T)TC": 624, "TG(C->A)GG": 171, "GC(T->G)GG": 1446, "GG(T->C)CG": 1178, "AG(C->T)CT": 728, "AA(T->C)GT": 1248, "CT(C->A)CA": 29, "AG(T->C)AG": 1160, "CA(C->A)GT": 225, "GA(C->A)GC": 98, "GC(T->C)CC": 1110, "GT(T->C)GT": 1262, "GG(C->G)CT": 474, "GG(T->C)AA": 1034, "CA(T->A)CT": 977, "GA(C->T)TC": 626, "CG(C->T)AC": 585, "AT(C->T)GG": 684, "GA(T->G)TT": 1522, "AG(C->G)AG": 392, "CC(T->G)CA": 1301, "AG(T->A)GA": 808, "GA(C->A)TG": 178, "AC(C->A)GT": 228, "CG(T->C)AA": 1033, "GG(T->C)GT": 1258, "CT(T->C)CC": 1117, "CG(C->G)CG": 409, "AG(T->A)AT": 968, "GT(C->T)AC": 590, "TG(T->C)CC": 1115, "CA(C->A)AT": 193, "CT(C->G)CG": 413, "TT(T->C)GC": 1135, "AA(C->T)GG": 672, "CC(C->G)GG": 421, "TC(T->G)TG": 1463, "CG(T->G)GG": 1449, "AC(C->G)CT": 468, "AC(T->A)GC": 868, "AC(C->A)TG": 180, "AC(T->C)CT": 1236, "GT(C->G)TT": 510, "AC(C->A)CG": 148, "AT(C->T)CG": 668, "GG(C->A)CC": 90, "CA(T->G)GG": 1441, "AC(C->G)TG": 436, "TG(T->C)TC": 1147, "AT(C->A)CT": 220, "CA(T->C)AA": 1025, "AC(T->G)GT": 1508, "CC(C->G)GA": 293, "TC(T->G)CC": 1367, "GG(T->C)GG": 1194, "CT(C->A)AC": 77, "AC(C->T)AC": 580, "AC(C->T)CC": 596, "CC(C->G)AT": 453, "CG(T->C)GA": 1065, "AG(C->T)TT": 760, "TC(T->C)GA": 1063, "CA(T->A)CC": 849, "AA(C->T)GA": 544, "TT(C->A)GT": 239, "CA(C->A)AC": 65, "AT(C->G)CC": 348, "TG(C->G)TT": 507, "GT(T->G)GG": 1454, "AA(C->T)CT": 720, "AT(T->A)AT": 972, "CA(C->G)AT": 449, "TG(C->G)AT": 459, "AA(C->A)CA": 16, "TC(C->A)AT": 199, "CT(T->C)AG": 1165, "AC(C->A)TA": 52, "AG(T->C)CG": 1176, "AC(C->G)GC": 356, "TT(C->G)AG": 399, "AC(C->A)TC": 116, "GT(C->G)CC": 350, "CA(T->C)AT": 1217, "CA(C->G)GT": 481, "TG(T->C)GC": 1131, "GA(T->G)CA": 1298, "AG(C->T)TA": 568, "CC(T->C)GC": 1125, "CG(C->G)TG": 441, "TA(C->A)TA": 51, "GG(T->C)CT": 1242, "AT(T->C)GC": 1132, "CA(T->A)TT": 1009, "TG(C->G)TG": 443, "GT(C->G)CA": 286, "AG(C->G)CC": 344, "CG(T->A)CC": 857, "CA(C->T)TG": 689, "GC(C->G)AA": 262, "GG(C->T)AT": 714, "CC(C->T)TC": 629, "AG(T->C)CA": 1048, "CG(C->A)CA": 25, "AA(C->G)TG": 432, "CG(T->C)AG": 1161, "CT(C->G)GA": 301, "TA(T->C)AG": 1155, "CT(C->A)CG": 157, "AC(T->A)CT": 980, "AC(C->A)AC": 68, "CC(C->T)TA": 565, "GG(C->G)GG": 426, "CC(C->G)TG": 437, "CG(C->A)AG": 137, "AC(C->G)TC": 372, "AC(C->G)AT": 452, "CG(C->T)AT": 713, "GG(T->G)TG": 1466, "CA(C->T)AG": 641, "TA(C->A)TC": 115, "TC(C->T)TT": 759, "AC(C->A)GG": 164, "CA(T->A)CA": 785, "AG(T->A)GT": 1000, "TA(C->A)TT": 243, "TA(T->C)CA": 1043, "CA(T->C)GA": 1057, "GG(T->G)TC": 1402, "CC(T->G)GT": 1509, "GA(C->T)AT": 706, "CC(T->G)TG": 1461, "GG(C->A)AA": 10, "TG(T->G)AA": 1291, "CG(C->G)AC": 329, "GC(T->C)TC": 1142, "AC(T->A)AA": 772, "CG(T->C)CT": 1241, "CC(C->A)CT": 213, "TT(C->T)GA": 559, "TC(T->G)GC": 1383, "TA(C->A)AT": 195, "GT(T->A)GC": 878, "GA(T->G)GC": 1378, "CC(T->C)CC": 1109, "CC(C->G)CG": 405, "GT(C->A)CG": 158, "GA(T->C)GC": 1122, "AA(C->A)AA": 0, "GC(C->T)AA": 518, "AC(T->G)CA": 1300, "CT(C->A)TT": 253, "GA(C->G)TG": 434, "GG(C->G)CG": 410, "CC(C->A)TT": 245, "CA(C->A)TT": 241, "AG(C->A)TC": 120, "CT(T->C)AT": 1229, "GT(C->G)GG": 430, "AA(T->C)AC": 1088, "GA(C->A)GT": 226, "GC(T->A)TT": 1014, "GG(C->A)CA": 26, "AC(C->A)TT": 244, "CG(C->T)CT": 729, "CC(T->A)AG": 901, "CT(T->A)CC": 861, "CA(T->C)CC": 1105, "GT(T->C)CT": 1246, "AC(T->C)TC": 1140, "GC(C->G)CA": 278, "TC(C->A)GT": 231, "TG(C->A)TA": 59, "AG(C->G)GT": 488, "GG(T->A)GC": 874, "TC(T->C)GG": 1191, "AA(T->A)TG": 944, "GC(T->A)GA": 806, "AC(C->T)AT": 708, "TC(T->A)GT": 999, "AC(T->A)TC": 884, "TT(C->A)TT": 255, "AC(C->G)TT": 500, "GA(T->C)AT": 1218, "TT(C->A)CA": 31, "CT(T->G)GA": 1325, "CA(T->G)CT": 1489, "TT(C->A)TG": 191, "CG(C->G)CT": 473, "CA(T->G)GA": 1313, "AG(C->A)AA": 8, "AC(C->A)AA": 4, "CG(C->G)AG": 393, "CA(T->A)GG": 929, "AG(C->A)TT": 248, "AT(C->A)AG": 140, "AT(T->C)CA": 1052, "TC(T->C)AC": 1095, "AT(C->A)TA": 60, "TT(T->A)AC": 847, "AA(T->G)TA": 1328, "AT(T->C)TG": 1212, "CA(C->A)AA": 1, "GA(T->A)TA": 818, "CA(T->C)TC": 1137, "AC(T->A)CA": 788, "GG(C->T)TA": 570, "TT(T->A)TA": 831, "TT(T->C)AG": 1167, "GG(C->A)TC": 122, "GC(C->A)GG": 166, "TC(T->A)TC": 887, "AC(T->C)TG": 1204, "TA(C->A)AC": 67, "TC(T->A)GG": 935, "GT(T->G)CT": 1502, "TG(T->A)CC": 859, "GG(C->A)AC": 74, "GT(C->T)TT": 766, "GC(T->G)TT": 1526, "TG(T->C)CA": 1051, "GA(T->A)GA": 802, "AC(T->C)GT": 1252, "CT(T->C)AA": 1037, "TT(T->C)CT": 1247, "TC(C->A)CC": 87, "CG(C->T)TC": 633, "AA(C->A)AG": 128, "AA(T->C)AT": 1216, "CC(T->C)TG": 1205, "AA(C->G)GC": 352, "AT(C->G)GT": 492, "AT(C->A)AA": 12, "AA(C->G)AG": 384, "CC(T->G)GA": 1317, "CC(T->C)TC": 1141, "CC(C->G)CT": 469, "GC(T->G)CA": 1302, "AA(T->C)GA": 1056, "CG(C->A)GT": 233, "AT(T->C)CG": 1180, "TA(C->T)GC": 611, "AC(T->A)GA": 804, "GC(T->C)CT": 1238, "TC(C->A)CA": 23, "GA(C->A)CT": 210, "CC(T->A)TT": 1013, "TC(C->G)CA": 279, "AC(T->G)CC": 1364, "CA(T->C)CT": 1233, "GC(C->A)GT": 230, "GA(C->A)TC": 114, "TA(C->T)GG": 675, "TC(C->G)TA": 311, "GA(C->G)AC": 322, "TA(C->A)CG": 147, "GC(C->A)TT": 246, "CA(T->C)CA": 1041, "AT(T->C)AC": 1100, "GA(C->T)TT": 754, "CT(T->G)CG": 1437, "CT(T->G)GT": 1517, "TT(C->A)AA": 15, "TG(C->A)TT": 251, "TA(T->C)GT": 1251, "GT(C->T)AA": 526, "TG(T->G)GT": 1515, "CC(T->C)TT": 1269, "TC(C->G)AA": 263, "TT(T->G)GT": 1519, "CG(C->T)TA": 569, "TC(C->A)AC": 71, "GG(C->G)AC": 330, "TC(C->T)TA": 567, "AC(T->G)AG": 1412, "TG(T->G)AG": 1419, "GT(C->A)TC": 126, "AA(C->A)TT": 240, "AC(C->A)GC": 100, "TT(C->G)CC": 351, "AT(T->A)TA": 828, "CC(C->A)GA": 37, "CT(T->C)AC": 1101, "GG(T->A)AG": 906, "AA(C->A)CC": 80, "CA(C->G)TA": 305, "CC(C->A)AA": 5, "GA(T->G)CT": 1490, "TG(C->T)TT": 763, "AG(C->A)GT": 232, "AT(T->C)CC": 1116, "GG(T->C)AG": 1162, "TT(T->A)GA": 815, "TC(C->A)TC": 119, "CA(C->A)GA": 33, "AT(T->G)GG": 1452, "AG(T->G)TG": 1464, "AC(T->G)AC": 1348, "GG(T->G)GC": 1386, "GT(T->A)GA": 814, "TG(C->A)TG": 187, "TG(C->A)GT": 235, "TC(C->A)GC": 103, "GG(C->G)AA": 266, "CC(T->G)GG": 1445, "GG(C->G)TC": 378, "GG(C->G)GT": 490, "AC(C->A)CA": 20, "CA(T->A)TA": 817, "TT(T->C)TG": 1215, "GG(C->A)GG": 170, "CT(T->G)AA": 1293, "AT(T->C)GG": 1196, "AT(C->T)GT": 748, "GG(C->G)CC": 346, "TG(T->A)GT": 1003, "AG(T->A)TT": 1016, "CC(T->G)TT": 1525, "GG(C->G)CA": 282, "TC(C->A)TT": 247, "TT(T->G)GG": 1455, "GA(C->T)AC": 578, "AG(C->A)CG": 152, "CC(T->G)CT": 1493, "TT(T->A)AT": 975, "CG(C->G)CC": 345, "TA(C->G)AG": 387, "TA(C->G)GG": 419, "GA(C->T)AA": 514, "AG(C->G)TT": 504, "GT(C->T)CG": 670, "AG(C->G)TC": 376, "CA(C->T)TC": 625, "GA(T->A)CC": 850, "TG(T->C)AG": 1163, "CG(C->T)CG": 665, "AA(T->C)TT": 1264, "TT(C->A)TA": 63, "GA(T->C)TA": 1074, "TG(T->A)TA": 827, "CT(C->A)GA": 45, "AG(C->A)AC": 72, "CC(C->G)TA": 309, "CT(T->G)TT": 1533, "TT(T->G)AA": 1295, "TA(T->C)TC": 1139, "TG(T->A)AC": 843, "TC(T->G)TA": 1335, "TT(C->G)AT": 463, "AA(C->G)AT": 448, "AC(C->A)GA": 36, "TC(T->C)TA": 1079, "TC(T->A)TA": 823, "CA(T->G)CA": 1297, "TT(T->G)CA": 1311, "AT(C->G)CT": 476, "TG(T->G)AC": 1355, "CC(T->G)TC": 1397, "AT(T->A)AG": 908, "AG(T->A)CA": 792, "GA(C->A)GA": 34, "TC(T->G)TC": 1399, "TC(C->T)AA": 519, "TA(C->T)AA": 515, "CA(C->G)AC": 321, "AC(T->G)TC": 1396, "GG(T->A)TT": 1018, "AA(C->A)GG": 160, "GT(C->A)TG": 190, "TT(T->C)AA": 1039, "AA(C->G)TA": 304, "CT(C->A)GT": 237, "GT(T->C)GG": 1198, "TG(C->T)AA": 523, "AA(C->T)CC": 592, "TC(C->A)GA": 39, "GA(T->C)TT": 1266, "TA(T->C)AA": 1027, "TG(T->C)CT": 1243, "GA(C->T)CG": 658, "TT(T->G)CC": 1375, "GA(T->G)GA": 1314, "AA(C->T)AA": 512, "AC(C->A)AT": 196, "AT(T->A)AA": 780, "CG(C->T)CA": 537, "GA(T->A)GG": 930, "AA(T->G)GG": 1440, "TA(C->T)CC": 595, "AA(C->T)AC": 576, "CC(T->A)TG": 949, "TC(C->A)CG": 151, "CC(T->A)AA": 773, "GA(T->G)TA": 1330, "TC(C->A)GG": 167, "AA(T->C)TA": 1072, "CG(C->A)CT": 217, "CT(T->G)CC": 1373, "GC(T->A)GG": 934, "AA(C->T)AG": 640, "TG(T->A)CA": 795, "AA(T->A)GA": 800, "AT(T->C)AA": 1036, "CC(T->C)CA": 1045, "AC(T->A)GG": 932, "AT(T->C)TC": 1148, "TG(T->A)GG": 939, "GA(T->G)CC": 1362, "GC(T->C)AT": 1222, "AC(T->C)TT": 1268, "TA(T->G)AG": 1411, "AA(T->G)AT": 1472, "TT(T->A)TT": 1023, "TT(T->C)TC": 1151, "AG(T->A)TC": 888, "AC(T->G)TA": 1332, "TA(C->A)CC": 83, "TT(T->C)CA": 1055, "TA(T->G)TT": 1523, "GT(C->A)AA": 14, "AT(C->A)TC": 124, "AT(T->G)TA": 1340, "GC(C->A)AA": 6, "TC(T->A)GA": 807, "AA(T->A)CC": 848, "AT(C->T)TA": 572, "AT(T->G)TG": 1468, "AG(T->C)AA": 1032, "AA(T->C)TG": 1200, "AG(T->A)GC": 872, "TA(T->A)AA": 771, "TG(T->C)AT": 1227, "TC(C->G)AC": 327, "TA(T->G)AC": 1347, "GA(T->A)CT": 978, "CG(T->A)GT": 1001, "GA(T->C)GA": 1058, "TA(T->A)GT": 995, "TA(T->C)CG": 1171, "TG(T->C)GA": 1067, "TT(T->G)GC": 1391, "AC(T->G)CT": 1492, "CA(C->A)GC": 97, "TA(C->T)AC": 579, "AG(T->G)TC": 1400, "CC(T->C)AC": 1093, "CA(C->A)TA": 49, "GT(T->G)AG": 1422, "TT(T->C)GG": 1199, "TG(C->A)AT": 203, "AT(T->A)GA": 812, "TA(T->C)TT": 1267, "CA(C->G)TC": 369, "AA(T->A)CA": 784, "TC(T->G)CA": 1303, "TG(C->A)AC": 75, "AA(C->T)TT": 752, "TG(C->G)TC": 379, "TC(T->A)CA": 791, "GG(T->A)GT": 1002, "GC(T->A)CT": 982, "TC(C->G)CT": 471, "GT(T->C)AG": 1166, "CC(T->C)AG": 1157, "GT(T->G)GT": 1518, "AG(C->A)CC": 88, "TA(T->A)GA": 803, "GT(T->C)CA": 1054, "GG(T->A)TC": 890, "GG(T->A)AT": 970, "CG(C->A)AC": 73, "TA(T->A)GC": 867, "TA(T->C)CC": 1107, "TC(T->A)AT": 967, "AA(T->A)GT": 992, "AC(T->A)TG": 948, "CT(T->A)CT": 989, "AT(T->A)TG": 956, "AG(T->A)TA": 824, "CT(T->A)GA": 813, "GA(C->G)AT": 450, "GA(T->A)GC": 866, "CT(T->G)CT": 1501, "CA(T->G)TT": 1521, "CC(T->A)GT": 997, "CT(T->C)TA": 1085, "AT(C->A)CG": 156, "GA(C->G)AA": 258, "GG(T->A)CA": 794, "TC(T->C)TG": 1207, "AT(T->C)CT": 1244, "AA(T->C)GC": 1120, "GT(C->A)TA": 62, "CG(C->G)TC": 377, "TA(C->T)CA": 531, "CT(T->C)TG": 1213, "TA(C->A)CA": 19, "TG(T->G)CC": 1371, "TT(C->G)CG": 415, "GT(T->G)AA": 1294, "AA(C->A)TG": 176, "AA(C->G)TC": 368, "CC(T->G)AA": 1285, "GC(C->A)CG": 150, "GT(T->G)TT": 1534, "TT(T->A)TC": 895, "TA(T->G)AA": 1283, "CT(T->C)GA": 1069, "AG(T->G)TT": 1528, "TA(C->G)TA": 307, "AA(C->A)TA": 48, "GC(T->G)AG": 1414, "AC(T->G)TG": 1460, "AC(T->A)TT": 1012, "CC(T->G)CC": 1365, "GA(T->C)CC": 1106, "TG(C->G)AA": 267, "CA(C->T)CG": 657, "AC(C->T)AA": 516, "TA(C->A)CT": 211, "TC(T->G)TT": 1527, "GT(T->G)GA": 1326, "CC(T->C)AA": 1029, "AC(T->C)CA": 1044, "TA(T->C)GA": 1059, "AG(T->G)GT": 1512, "TT(C->A)GG": 175, "GC(T->A)AG": 902, "TC(C->G)AG": 391, "AA(T->A)TA": 816, "TA(T->G)TC": 1395, "AG(C->A)AT": 200, "CG(C->T)TT": 761, "GG(T->G)AG": 1418, "AA(T->A)AT": 960, "GC(C->A)AT": 198, "GT(T->G)TA": 1342, "TC(T->A)TG": 951, "GA(T->C)AA": 1026, "TC(T->C)AG": 1159, "TG(T->G)CA": 1307, "CT(T->G)CA": 1309, "TG(T->G)TG": 1467, "TG(T->C)AC": 1099, "TA(T->A)GG": 931, "TT(T->G)AT": 1487, "TA(C->T)TT": 755, "TT(C->G)GA": 303, "AT(T->A)CC": 860, "TT(T->G)TC": 1407, "AA(T->C)CT": 1232, "GT(T->G)CA": 1310, "GC(T->G)TC": 1398, "GT(C->T)TA": 574, "AC(C->G)AA": 260, "GC(C->A)TA": 54, "GT(T->G)CC": 1374, "AG(T->A)TG": 952, "TC(T->C)GC": 1127, "AT(T->G)GA": 1324, "CT(T->C)TT": 1277, "CA(C->A)TC": 113, "TG(T->C)TG": 1211, "AG(T->A)AC": 840, "GG(T->G)TA": 1338, "AT(T->G)TC": 1404, "AC(T->C)TA": 1076, "AA(T->G)AC": 1344, "CG(T->A)TG": 953, "AC(C->T)TT": 756, "AT(T->G)GC": 1388, "TG(C->G)AG": 395, "GA(T->G)TG": 1458, "GC(T->C)TG": 1206, "AA(C->G)GT": 480, "GT(T->G)AT": 1486, "GT(T->C)GC": 1134, "CG(T->A)TC": 889, "AA(T->C)TC": 1136, "GC(T->A)AT": 966, "TT(C->G)GT": 495, "CC(T->C)CG": 1173, "TT(T->A)CC": 863, "AG(T->A)CC": 856, "CG(C->T)TG": 697, "CC(T->A)CT": 981, "GC(T->C)AA": 1030, "GA(C->G)TT": 498, "AA(T->A)TC": 880, "TA(T->A)TA": 819, "GA(T->A)GT": 994, "CT(T->A)CG": 925, "GC(T->A)AC": 838, "AA(T->A)AA": 768, "AA(T->G)TT": 1520, "AG(T->C)TT": 1272, "AA(C->T)TG": 688, "CA(T->A)GC": 865, "GC(T->A)CC": 854, "CG(C->G)AA": 265, "AG(T->G)GC": 1384, "AT(C->A)GG": 172, "AT(T->G)CC": 1372, "AC(C->T)CG": 660, "CC(T->G)AC": 1349, "AT(T->C)AT": 1228, "TT(T->G)AC": 1359, "GG(T->C)AC": 1098, "TA(T->G)CT": 1491, "TT(T->A)TG": 959, "CT(T->G)AG": 1421, "AT(T->A)AC": 844, "TT(T->G)TG": 1471, "TA(C->G)TG": 435, "TG(C->G)GC": 363, "TA(T->C)GC": 1123, "CT(T->A)AG": 909, "CA(T->G)CC": 1361, "GG(C->G)AT": 458, "GA(C->G)TC": 370, "GG(C->A)GC": 106, "GT(T->C)AA": 1038, "TG(C->G)CG": 411, "CA(T->C)CG": 1169, "CC(T->G)CG": 1429, "GG(C->G)TA": 314, "AG(T->C)GG": 1192, "AG(T->C)GC": 1128, "AA(T->G)AA": 1280, "CG(C->A)GC": 105, "GA(C->A)TA": 50, "TG(C->G)CT": 475, "GG(T->G)CT": 1498, "TA(C->A)GA": 35, "AA(C->A)AC": 64, "CT(T->A)CA": 797, "AT(C->G)GC": 364, "GT(T->C)AC": 1102, "CG(C->G)GG": 425, "TC(C->T)CG": 663, "TA(C->G)TT": 499, "TA(C->A)TG": 179, "CC(T->G)TA": 1333, "TT(C->A)GC": 111, "AG(T->C)GA": 1064, "TA(C->G)GA": 291, "GT(T->A)TA": 830, "AG(T->G)CA": 1304, "GT(T->A)CC": 862, "TA(T->C)CT": 1235, "AT(T->C)AG": 1164, "TG(C->T)TA": 571, "GT(T->A)TG": 958, "TA(T->A)CA": 787, "CG(C->A)TG": 185, "TA(T->C)AC": 1091, "AA(C->G)TT": 496, "GA(T->A)CG": 914, "CG(T->G)TT": 1529, "GT(C->A)AT": 206, "CG(T->G)TA": 1337, "GA(T->A)AC": 834, "AC(T->A)AC": 836, "GC(T->A)CA": 790, "GT(T->G)AC": 1358, "TA(C->T)CG": 659, "GT(T->A)AT": 974, "CT(T->G)TC": 1405, "CA(T->A)AA": 769, "GA(T->A)TC": 882, "CG(T->C)AT": 1225, "GT(T->A)AA": 782, "AT(C->G)CG": 412, "TA(T->C)TG": 1203, "AA(T->G)TG": 1456, "TC(T->G)GG": 1447, "GA(C->T)TG": 690, "TG(T->C)TT": 1275, "CT(T->A)GT": 1005, "AA(T->A)GG": 928, "GC(T->G)GA": 1318, "AT(T->G)CA": 1308, "CG(T->C)GG": 1193, "AG(T->G)GA": 1320, "GT(T->A)TT": 1022, "AC(T->G)GC": 1380, "AA(C->G)GG": 416, "GA(C->A)AT": 194, "GC(C->G)AC": 326, "GT(T->A)CT": 990, "CA(T->A)AG": 897, "TC(C->G)CG": 407, "TA(C->T)TA": 563, "GG(C->A)TA": 58, "TT(T->G)CT": 1503, "TC(T->G)CT": 1495, "AT(T->C)TA": 1084, "CA(T->A)GT": 993, "CA(T->G)AA": 1281, "AT(T->A)CG": 924, "AG(C->A)GA": 40, "GT(T->C)TT": 1278, "TC(C->G)TT": 503, "GG(T->G)CC": 1370, "CG(C->G)TT": 505, "AA(T->A)AC": 832, "TG(T->G)CT": 1499, "TA(C->A)GG": 163, "CA(C->T)AA": 513, "GA(T->A)TG": 946, "AA(C->G)CT": 464, "TT(T->A)CT": 991, "TC(T->C)CC": 1111, "GC(T->G)TA": 1334, "AA(C->G)CG": 400, "CA(T->A)CG": 913, "GG(T->G)CA": 1306, "TT(T->A)AG": 911, "TG(T->C)TA": 1083, "TT(T->G)AG": 1423, "AA(T->G)TC": 1392, "GT(T->G)TG": 1470, "CA(T->C)TA": 1073, "TG(T->A)AA": 779, "CT(T->A)GC": 877, "CA(T->C)AC": 1089, "AT(T->A)CA": 796, "TG(T->A)TG": 955, "TC(T->C)AA": 1031, "TG(T->A)TT": 1019, "AT(T->G)GT": 1516, "GA(C->G)GG": 418, "GC(C->G)CT": 470, "TC(C->G)AT": 455, "AT(T->A)CT": 988, "CA(T->G)AC": 1345, "CT(T->C)CT": 1245, "GT(C->G)GT": 494, "CT(T->G)GC": 1389, "CC(T->A)TA": 821, "GT(T->A)AC": 846, "AG(T->G)CT": 1496, "GT(T->C)GA": 1070, "TT(T->C)CG": 1183, "CT(T->G)AT": 1485, "GG(T->A)AA": 778, "TA(C->G)CA": 275, "CT(T->G)AC": 1357, "GC(T->C)AC": 1094, "AT(T->G)CG": 1436, "AT(T->G)AC": 1356, "TT(T->A)CG": 927, "GC(C->A)GC": 102, "AG(T->C)AT": 1224, "AT(C->A)GA": 44, "AA(C->A)GA": 32, "TC(T->C)CG": 1175, "CA(T->A)AC": 833, "TA(T->G)GT": 1507, "TG(T->A)GA": 811, "AG(C->G)AT": 456, "TA(T->A)AT": 963, "TG(T->G)AT": 1483, "GC(T->C)GC": 1126, "CG(C->A)CC": 89, "AG(T->G)AG": 1416, "TA(T->A)AG": 899, "AG(T->A)AG": 904, "AA(T->C)CC": 1104, "CA(T->A)GA": 801, "CG(C->G)AT": 457, "AC(T->C)AG": 1156, "CG(C->A)CG": 153, "AG(T->C)TA": 1080, "TG(T->G)TA": 1339, "CT(T->G)TA": 1341, "AG(C->G)GA": 296, "AT(T->A)GT": 1004, "TA(T->A)TG": 947, "TG(C->G)AC": 331, "AC(T->G)AT": 1476, "CC(T->A)AT": 965, "TT(T->C)GA": 1071, "AC(T->A)AT": 964, "TC(C->G)GA": 295, "TC(T->G)CG": 1431, "GA(T->G)GT": 1506, "GC(C->A)GA": 38, "CT(T->A)GG": 941, "AC(C->G)GT": 484, "GG(C->A)GA": 42, "AG(T->G)AT": 1480, "GC(T->A)TG": 950, "TG(T->A)GC": 875, "CC(T->A)AC": 837, "AT(T->G)AT": 1484, "CC(T->A)TC": 885, "GG(T->G)GT": 1514, "GG(T->A)TG": 954, "AT(T->G)CT": 1500, "CT(T->C)GT": 1261, "GT(T->C)AT": 1230, "AA(C->G)GA": 288, "TA(C->G)GT": 483, "TG(C->A)GA": 43, "AA(T->A)GC": 864, "CT(T->A)AC": 845, "CG(T->C)TT": 1273, "AA(T->G)GC": 1376, "CG(C->T)AA": 521, "AG(T->G)GG": 1448, "AG(T->A)CT": 984, "GC(T->A)GC": 870, "TT(T->A)GG": 943, "GT(T->G)TC": 1406, "AC(T->A)AG": 900, "GT(C->G)GA": 302, "GA(T->C)AC": 1090, "CT(T->A)AA": 781, "AG(T->A)AA": 776, "TA(T->A)AC": 835, "AG(T->G)TA": 1336, "TA(T->A)TC": 883, "TG(C->G)GA": 299, "GA(C->G)GA": 290, "AA(C->G)AC": 320, "GA(T->G)AA": 1282, "GT(C->A)GT": 238, "TT(C->G)GC": 367, "GC(T->G)AT": 1478, "CC(T->C)TA": 1077, "TT(T->A)GC": 879, "TA(T->G)AT": 1475, "AA(C->A)CG": 144, "TG(T->A)AT": 971, "TC(T->A)AA": 775, "TC(T->A)TT": 1015, "GT(T->C)TC": 1150, "CC(T->G)AT": 1477, "AA(T->A)CG": 912, "GA(T->C)CA": 1042, "AA(T->G)CG": 1424, "TT(T->G)GA": 1327, "CA(T->G)TA": 1329, "TA(T->G)TA": 1331, "AC(T->A)CG": 916, "CG(T->A)GC": 873, "TA(C->G)GC": 355, "CG(T->A)GG": 937, "GA(T->A)AG": 898, "CT(T->C)GC": 1133, "TG(T->C)CG": 1179, "AA(C->A)TC": 112, "TG(T->A)CT": 987, "GA(T->G)TC": 1394, "AG(C->G)CG": 408, "GA(T->C)TC": 1138, "GC(T->A)AA": 774, "AA(C->A)GC": 96, "TG(T->A)CG": 923, "TC(C->G)GC": 359, "CA(T->G)CG": 1425, "GT(T->C)TA": 1086, "AA(T->G)GA": 1312, "GA(T->G)GG": 1442, "TA(T->A)CG": 915, "TG(T->A)AG": 907, "TA(C->G)TC": 371, "TC(T->G)AG": 1415, "GA(C->A)GG": 162, "AA(T->G)GT": 1504, "GT(T->G)GC": 1390, "AG(C->G)GG": 424, "GG(T->C)AT": 1226, "AA(T->G)CT": 1488, "CG(T->A)AA": 777, "CG(T->A)GA": 809, "CA(T->A)TC": 881, "TT(C->A)GA": 47, "GG(T->A)TA": 826, "AG(C->A)GC": 104, "CG(C->A)AT": 201, "TC(T->G)AT": 1479, "GA(T->A)AA": 770, "AT(T->G)AG": 1420, "CG(T->G)AG": 1417, "TA(T->A)CC": 851, "TC(C->G)GT": 487, "TC(T->G)AA": 1287, "AC(T->G)GG": 1444, "CG(T->G)GC": 1385, "GC(T->A)TC": 886, "GA(T->C)CG": 1170, "CT(T->A)AT": 973, "TG(T->G)TC": 1403, "GA(T->G)AG": 1410, "CT(T->A)TA": 829, "CA(T->G)AT": 1473, "AG(T->G)AC": 1352, "TC(T->G)AC": 1351, "AA(C->T)CG": 656, "CT(T->A)TC": 893, "GT(C->A)GA": 46, "TC(T->A)AG": 903, "CT(T->C)CA": 1053, "TA(C->G)CT": 467, "TT(C->A)CG": 159, "CG(C->A)AA": 9, "GC(T->G)AA": 1286, "CG(T->G)GA": 1321, "CA(T->G)TG": 1457, "CG(C->A)GG": 169, "GC(T->A)TA": 822, "AA(C->A)GT": 224, "TG(T->A)TC": 891, "GG(T->A)AC": 842, "AC(C->G)GG": 420, "GT(C->G)CG": 414, "AC(T->C)CG": 1172, "GG(C->G)GC": 362, "TG(T->G)CG": 1435, "CG(T->G)AA": 1289, "AA(T->G)CC": 1360, "AG(C->G)GC": 360, "CG(T->C)CA": 1049, "AA(T->G)CA": 1296, "TA(T->G)GA": 1315, "TA(T->G)CC": 1363, "CG(T->C)AC": 1097, "GG(T->G)GA": 1322, "CG(C->A)TT": 249, "AT(T->A)GC": 876, "CG(T->C)TG": 1209, "GT(T->A)AG": 910, "AC(T->G)CG": 1428, "AG(T->G)CG": 1432, "TC(T->A)CG": 919, "CG(T->A)CA": 793, "TA(C->A)GC": 99, "TA(T->G)CA": 1299, "CA(T->A)AT": 961, "CG(T->A)TT": 1017, "CG(C->G)GT": 489, "AG(C->A)GG": 168, "GA(T->G)AC": 1346, "TA(C->G)CG": 403, "CG(T->A)CT": 985, "AA(T->G)AG": 1408, "CG(T->G)TC": 1401, "TA(C->G)AC": 323, "CC(T->G)AG": 1413, "CG(C->G)TA": 313, "TA(T->G)GC": 1379, "TA(T->G)TG": 1459, "AG(T->G)CC": 1368, "CG(T->A)AT": 969, "CT(T->C)CG": 1181, "GA(T->G)AT": 1474, "GC(T->C)CG": 1174, "GT(T->A)GT": 1006, "TG(C->G)GG": 427, "CG(C->A)TA": 57, "CG(T->A)TA": 825, "GG(T->A)CG": 922, "CG(T->G)CT": 1497, "GG(T->G)AC": 1354, "CG(C->G)GC": 361, "CG(T->A)AG": 905, "AA(T->C)CG": 1168, "TT(T->G)CG": 1439, "CG(T->G)CA": 1305, "AG(T->A)CG": 920, "CG(T->C)TA": 1081, "CG(T->A)AC": 841, "GT(T->A)CG": 926, "GT(T->G)CG": 1438, "GG(T->G)AT": 1482, "CG(T->G)AT": 1481, "GG(T->G)CG": 1434, "CG(T->G)TG": 1465, "CG(T->G)GT": 1513, "TA(T->G)CG": 1427, "GT(T->C)CG": 1182, "CG(T->G)AC": 1353, "CG(T->G)CG": 1433, "CG(T->A)CG": 921, "CG(T->G)CC": 1369}