{"cancer-1_A_1": 0, "cancer-1_A_2": 1, "cancer-1_A_3": 2, "cancer-1_A_4": 3, "cancer-1_A_5": 4, "cancer-1_A_6": 5, "cancer-1_A_7": 6, "cancer-1_A_8": 7, "cancer-1_A_9": 8, "cancer-1_A_10": 9, "cancer-1_A_11": 10, "cancer-1_A_12": 11, "cancer-1_A_13": 12, "cancer-1_A_14": 13, "cancer-1_A_15": 14, "cancer-1_A_16": 15, "cancer-1_A_17": 16, "cancer-1_A_18": 17, "cancer-1_A_19": 18, "cancer-1_A_20": 19, "cancer-1_A_21": 20, "cancer-1_A_22": 21, "cancer-1_A_23": 22, "cancer-1_A_24": 23, "cancer-1_A_25": 24, "cancer-1_A_26": 25, "cancer-1_A_27": 26, "cancer-1_A_28": 27, "cancer-1_A_29": 28, "cancer-1_A_30": 29, "cancer-1_A_31": 30, "cancer-1_A_32": 31, "cancer-1_A_33": 32, "cancer-1_A_34": 33, "cancer-1_A_35": 34, "cancer-1_A_36": 35, "cancer-1_A_37": 36, "cancer-1_A_38": 37, "cancer-1_A_39": 38, "cancer-1_A_40": 39, "cancer-1_A_41": 40, "cancer-1_A_42": 41, "cancer-1_A_43": 42, "cancer-1_A_44": 43, "cancer-1_A_45": 44, "cancer-1_A_46": 45, "cancer-1_A_47": 46, "cancer-1_A_48": 47, "cancer-1_A_49": 48, "cancer-1_A_50": 49, "cancer-1_A_51": 50, "cancer-1_A_52": 51, "cancer-1_A_53": 52, "cancer-1_A_54": 53, "cancer-1_A_55": 54, "cancer-1_A_56": 55, "cancer-1_A_57": 56, "cancer-1_A_58": 57, "cancer-1_A_59": 58, "cancer-1_A_60": 59, "cancer-1_A_61": 60, "cancer-1_A_62": 61, "cancer-1_A_63": 62, "cancer-1_A_64": 63, "cancer-1_A_65": 64, "cancer-1_A_66": 65, "cancer-1_A_67": 66, "cancer-1_A_68": 67, "cancer-1_A_69": 68, "cancer-1_A_70": 69, "cancer-1_A_71": 70, "cancer-1_A_72": 71, "cancer-1_A_73": 72, "cancer-1_A_74": 73, "cancer-1_A_75": 74, "cancer-1_A_76": 75, "cancer-1_A_77": 76, "cancer-1_A_78": 77, "cancer-1_A_79": 78, "cancer-1_A_80": 79, "cancer-1_A_81": 80, "cancer-1_A_82": 81, "cancer-1_A_83": 82, "cancer-1_A_84": 83, "cancer-1_A_85": 84, "cancer-1_A_86": 85, "cancer-1_A_87": 86, "cancer-1_A_88": 87, "cancer-1_A_89": 88, "cancer-1_A_90": 89, "cancer-1_A_91": 90, "cancer-1_A_92": 91, "cancer-1_A_93": 92, "cancer-1_A_94": 93, "cancer-1_A_95": 94, "cancer-1_A_96": 95, "cancer-1_A_97": 96, "cancer-1_A_98": 97, "cancer-1_A_99": 98, "cancer-1_A_100": 99, "cancer-1_A_101": 100, "cancer-1_A_102": 101, "cancer-1_A_103": 102, "cancer-1_A_104": 103, "cancer-1_A_105": 104, "cancer-1_A_106": 105, "cancer-1_A_107": 106, "cancer-1_A_108": 107, "cancer-1_A_109": 108, "cancer-1_A_110": 109, "cancer-1_A_111": 110, "cancer-1_A_112": 111, "cancer-1_A_113": 112, "cancer-1_A_114": 113, "cancer-1_A_115": 114, "cancer-1_A_116": 115, "cancer-1_A_117": 116, "cancer-1_A_118": 117, "cancer-1_A_119": 118, "cancer-1_A_120": 119, "cancer-1_A_121": 120, "cancer-1_A_122": 121, "cancer-1_A_123": 122, "cancer-1_A_124": 123, "cancer-1_A_125": 124, "cancer-1_A_126": 125, "cancer-1_A_127": 126, "cancer-1_A_128": 127, "cancer-1_A_129": 128, "cancer-1_A_130": 129, "cancer-1_A_131": 130, "cancer-1_A_132": 131, "cancer-1_A_133": 132, "cancer-1_A_134": 133, "cancer-1_A_135": 134, "cancer-1_A_136": 135, "cancer-1_A_137": 136, "cancer-1_A_138": 137, "cancer-1_A_139": 138, "cancer-1_A_140": 139, "cancer-1_A_141": 140, "cancer-1_A_142": 141, "cancer-1_A_143": 142, "cancer-1_A_144": 143, "cancer-1_A_145": 144, "cancer-1_A_146": 145, "cancer-1_A_147": 146, "cancer-1_A_148": 147, "cancer-1_A_149": 148, "cancer-1_A_150": 149, "cancer-1_A_151": 150, "cancer-1_A_152": 151, "cancer-1_A_153": 152, "cancer-1_A_154": 153, "cancer-1_A_155": 154, "cancer-1_A_156": 155, "cancer-1_A_157": 156, "cancer-1_A_158": 157, "cancer-1_A_159": 158, "cancer-1_A_160": 159, "cancer-1_A_161": 160, "cancer-1_A_162": 161, "cancer-1_A_163": 162, "cancer-1_A_164": 163, "cancer-1_A_165": 164, "cancer-1_A_166": 165, "cancer-1_A_167": 166, "cancer-1_A_168": 167, "cancer-1_A_169": 168, "cancer-1_A_170": 169, "cancer-1_A_171": 170, "cancer-1_A_172": 171, "cancer-1_A_173": 172, "cancer-1_A_174": 173, "cancer-1_A_175": 174, "cancer-1_A_176": 175, "cancer-1_A_177": 176, "cancer-1_A_178": 177, "cancer-1_A_179": 178, "cancer-1_A_180": 179, "cancer-1_A_181": 180, "cancer-1_A_182": 181, "cancer-1_A_183": 182, "cancer-1_A_184": 183, "cancer-1_A_185": 184, "cancer-1_A_186": 185, "cancer-1_A_187": 186, "cancer-1_A_188": 187, "cancer-1_A_189": 188, "cancer-1_A_190": 189, "cancer-1_A_191": 190, "cancer-1_A_192": 191, "cancer-1_A_193": 192, "cancer-1_A_194": 193, "cancer-1_A_195": 194, "cancer-1_A_196": 195, "cancer-1_A_197": 196, "cancer-1_A_198": 197, "cancer-1_A_199": 198, "cancer-1_A_200": 199, "cancer-1_B_1": 200, "cancer-1_B_2": 201, "cancer-1_B_3": 202, "cancer-1_B_4": 203, "cancer-1_B_5": 204, "cancer-1_B_6": 205, "cancer-1_B_7": 206, "cancer-1_B_8": 207, "cancer-1_B_9": 208, "cancer-1_B_10": 209, "cancer-1_B_11": 210, "cancer-1_B_12": 211, "cancer-1_B_13": 212, "cancer-1_B_14": 213, "cancer-1_B_15": 214, "cancer-1_B_16": 215, "cancer-1_B_17": 216, "cancer-1_B_18": 217, "cancer-1_B_19": 218, "cancer-1_B_20": 219, "cancer-1_B_21": 220, "cancer-1_B_22": 221, "cancer-1_B_23": 222, "cancer-1_B_24": 223, "cancer-1_B_25": 224, "cancer-1_B_26": 225, "cancer-1_B_27": 226, "cancer-1_B_28": 227, "cancer-1_B_29": 228, "cancer-1_B_30": 229, "cancer-1_B_31": 230, "cancer-1_B_32": 231, "cancer-1_B_33": 232, "cancer-1_B_34": 233, "cancer-1_B_35": 234, "cancer-1_B_36": 235, "cancer-1_B_37": 236, "cancer-1_B_38": 237, "cancer-1_B_39": 238, "cancer-1_B_40": 239, "cancer-1_B_41": 240, "cancer-1_B_42": 241, "cancer-1_B_43": 242, "cancer-1_B_44": 243, "cancer-1_B_45": 244, "cancer-1_B_46": 245, "cancer-1_B_47": 246, "cancer-1_B_48": 247, "cancer-1_B_49": 248, "cancer-1_B_50": 249, "cancer-1_B_51": 250, "cancer-1_B_52": 251, "cancer-1_B_53": 252, "cancer-1_B_54": 253, "cancer-1_B_55": 254, "cancer-1_B_56": 255, "cancer-1_B_57": 256, "cancer-1_B_58": 257, "cancer-1_B_59": 258, "cancer-1_B_60": 259, "cancer-1_B_61": 260, "cancer-1_B_62": 261, "cancer-1_B_63": 262, "cancer-1_B_64": 263, "cancer-1_B_65": 264, "cancer-1_B_66": 265, "cancer-1_B_67": 266, "cancer-1_B_68": 267, "cancer-1_B_69": 268, "cancer-1_B_70": 269, "cancer-1_B_71": 270, "cancer-1_B_72": 271, "cancer-1_B_73": 272, "cancer-1_B_74": 273, "cancer-1_B_75": 274, "cancer-1_B_76": 275, "cancer-1_B_77": 276, "cancer-1_B_78": 277, "cancer-1_B_79": 278, "cancer-1_B_80": 279, "cancer-1_B_81": 280, "cancer-1_B_82": 281, "cancer-1_B_83": 282, "cancer-1_B_84": 283, "cancer-1_B_85": 284, "cancer-1_B_86": 285, "cancer-1_B_87": 286, "cancer-1_B_88": 287, "cancer-1_B_89": 288, "cancer-1_B_90": 289, "cancer-1_B_91": 290, "cancer-1_B_92": 291, "cancer-1_B_93": 292, "cancer-1_B_94": 293, "cancer-1_B_95": 294, "cancer-1_B_96": 295, "cancer-1_B_97": 296, "cancer-1_B_98": 297, "cancer-1_B_99": 298, "cancer-1_B_100": 299, "cancer-1_B_101": 300, "cancer-1_B_102": 301, "cancer-1_B_103": 302, "cancer-1_B_104": 303, "cancer-1_B_105": 304, "cancer-1_B_106": 305, "cancer-1_B_107": 306, "cancer-1_B_108": 307, "cancer-1_B_109": 308, "cancer-1_B_110": 309, "cancer-1_B_111": 310, "cancer-1_B_112": 311, "cancer-1_B_113": 312, "cancer-1_B_114": 313, "cancer-1_B_115": 314, "cancer-1_B_116": 315, "cancer-1_B_117": 316, "cancer-1_B_118": 317, "cancer-1_B_119": 318, "cancer-1_B_120": 319, "cancer-1_B_121": 320, "cancer-1_B_122": 321, "cancer-1_B_123": 322, "cancer-1_B_124": 323, "cancer-1_B_125": 324, "cancer-1_B_126": 325, "cancer-1_B_127": 326, "cancer-1_B_128": 327, "cancer-1_B_129": 328, "cancer-1_B_130": 329, "cancer-1_B_131": 330, "cancer-1_B_132": 331, "cancer-1_B_133": 332, "cancer-1_B_134": 333, "cancer-1_B_135": 334, "cancer-1_B_136": 335, "cancer-1_B_137": 336, "cancer-1_B_138": 337, "cancer-1_B_139": 338, "cancer-1_B_140": 339, "cancer-1_B_141": 340, "cancer-1_B_142": 341, "cancer-1_B_143": 342, "cancer-1_B_144": 343, "cancer-1_B_145": 344, "cancer-1_B_146": 345, "cancer-1_B_147": 346, "cancer-1_B_148": 347, "cancer-1_B_149": 348, "cancer-1_B_150": 349, "cancer-1_B_151": 350, "cancer-1_B_152": 351, "cancer-1_B_153": 352, "cancer-1_B_154": 353, "cancer-1_B_155": 354, "cancer-1_B_156": 355, "cancer-1_B_157": 356, "cancer-1_B_158": 357, "cancer-1_B_159": 358, "cancer-1_B_160": 359, "cancer-1_B_161": 360, "cancer-1_B_162": 361, "cancer-1_B_163": 362, "cancer-1_B_164": 363, "cancer-1_B_165": 364, "cancer-1_B_166": 365, "cancer-1_B_167": 366, "cancer-1_B_168": 367, "cancer-1_B_169": 368, "cancer-1_B_170": 369, "cancer-1_B_171": 370, "cancer-1_B_172": 371, "cancer-1_B_173": 372, "cancer-1_B_174": 373, "cancer-1_B_175": 374, "cancer-1_B_176": 375, "cancer-1_B_177": 376, "cancer-1_B_178": 377, "cancer-1_B_179": 378, "cancer-1_B_180": 379, "cancer-1_B_181": 380, "cancer-1_B_182": 381, "cancer-1_B_183": 382, "cancer-1_B_184": 383, "cancer-1_B_185": 384, "cancer-1_B_186": 385, "cancer-1_B_187": 386, "cancer-1_B_188": 387, "cancer-1_B_189": 388, "cancer-1_B_190": 389, "cancer-1_B_191": 390, "cancer-1_B_192": 391, "cancer-1_B_193": 392, "cancer-1_B_194": 393, "cancer-1_B_195": 394, "cancer-1_B_196": 395, "cancer-1_B_197": 396, "cancer-1_B_198": 397, "cancer-1_B_199": 398, "cancer-1_B_200": 399, "cancer-1_C_1": 400, "cancer-1_C_2": 401, "cancer-1_C_3": 402, "cancer-1_C_4": 403, "cancer-1_C_5": 404, "cancer-1_C_6": 405, "cancer-1_C_7": 406, "cancer-1_C_8": 407, "cancer-1_C_9": 408, "cancer-1_C_10": 409, "cancer-1_C_11": 410, "cancer-1_C_12": 411, "cancer-1_C_13": 412, "cancer-1_C_14": 413, "cancer-1_C_15": 414, "cancer-1_C_16": 415, "cancer-1_C_17": 416, "cancer-1_C_18": 417, "cancer-1_C_19": 418, "cancer-1_C_20": 419, "cancer-1_C_21": 420, "cancer-1_C_22": 421, "cancer-1_C_23": 422, "cancer-1_C_24": 423, "cancer-1_C_25": 424, "cancer-1_C_26": 425, "cancer-1_C_27": 426, "cancer-1_C_28": 427, "cancer-1_C_29": 428, "cancer-1_C_30": 429, "cancer-1_C_31": 430, "cancer-1_C_32": 431, "cancer-1_C_33": 432, "cancer-1_C_34": 433, "cancer-1_C_35": 434, "cancer-1_C_36": 435, "cancer-1_C_37": 436, "cancer-1_C_38": 437, "cancer-1_C_39": 438, "cancer-1_C_40": 439, "cancer-1_C_41": 440, "cancer-1_C_42": 441, "cancer-1_C_43": 442, "cancer-1_C_44": 443, "cancer-1_C_45": 444, "cancer-1_C_46": 445, "cancer-1_C_47": 446, "cancer-1_C_48": 447, "cancer-1_C_49": 448, "cancer-1_C_50": 449, "cancer-1_C_51": 450, "cancer-1_C_52": 451, "cancer-1_C_53": 452, "cancer-1_C_54": 453, "cancer-1_C_55": 454, "cancer-1_C_56": 455, "cancer-1_C_57": 456, "cancer-1_C_58": 457, "cancer-1_C_59": 458, "cancer-1_C_60": 459, "cancer-1_C_61": 460, "cancer-1_C_62": 461, "cancer-1_C_63": 462, "cancer-1_C_64": 463, "cancer-1_C_65": 464, "cancer-1_C_66": 465, "cancer-1_C_67": 466, "cancer-1_C_68": 467, "cancer-1_C_69": 468, "cancer-1_C_70": 469, "cancer-1_C_71": 470, "cancer-1_C_72": 471, "cancer-1_C_73": 472, "cancer-1_C_74": 473, "cancer-1_C_75": 474, "cancer-1_C_76": 475, "cancer-1_C_77": 476, "cancer-1_C_78": 477, "cancer-1_C_79": 478, "cancer-1_C_80": 479, "cancer-1_C_81": 480, "cancer-1_C_82": 481, "cancer-1_C_83": 482, "cancer-1_C_84": 483, "cancer-1_C_85": 484, "cancer-1_C_86": 485, "cancer-1_C_87": 486, "cancer-1_C_88": 487, "cancer-1_C_89": 488, "cancer-1_C_90": 489, "cancer-1_C_91": 490, "cancer-1_C_92": 491, "cancer-1_C_93": 492, "cancer-1_C_94": 493, "cancer-1_C_95": 494, "cancer-1_C_96": 495, "cancer-1_C_97": 496, "cancer-1_C_98": 497, "cancer-1_C_99": 498, "cancer-1_C_100": 499, "cancer-1_C_101": 500, "cancer-1_C_102": 501, "cancer-1_C_103": 502, "cancer-1_C_104": 503, "cancer-1_C_105": 504, "cancer-1_C_106": 505, "cancer-1_C_107": 506, "cancer-1_C_108": 507, "cancer-1_C_109": 508, "cancer-1_C_110": 509, "cancer-1_C_111": 510, "cancer-1_C_112": 511, "cancer-1_C_113": 512, "cancer-1_C_114": 513, "cancer-1_C_115": 514, "cancer-1_C_116": 515, "cancer-1_C_117": 516, "cancer-1_C_118": 517, "cancer-1_C_119": 518, "cancer-1_C_120": 519, "cancer-1_C_121": 520, "cancer-1_C_122": 521, "cancer-1_C_123": 522, "cancer-1_C_124": 523, "cancer-1_C_125": 524, "cancer-1_C_126": 525, "cancer-1_C_127": 526, "cancer-1_C_128": 527, "cancer-1_C_129": 528, "cancer-1_C_130": 529, "cancer-1_C_131": 530, "cancer-1_C_132": 531, "cancer-1_C_133": 532, "cancer-1_C_134": 533, "cancer-1_C_135": 534, "cancer-1_C_136": 535, "cancer-1_C_137": 536, "cancer-1_C_138": 537, "cancer-1_C_139": 538, "cancer-1_C_140": 539, "cancer-1_C_141": 540, "cancer-1_C_142": 541, "cancer-1_C_143": 542, "cancer-1_C_144": 543, "cancer-1_C_145": 544, "cancer-1_C_146": 545, "cancer-1_C_147": 546, "cancer-1_C_148": 547, "cancer-1_C_149": 548, "cancer-1_C_150": 549, "cancer-1_C_151": 550, "cancer-1_C_152": 551, "cancer-1_C_153": 552, "cancer-1_C_154": 553, "cancer-1_C_155": 554, "cancer-1_C_156": 555, "cancer-1_C_157": 556, "cancer-1_C_158": 557, "cancer-1_C_159": 558, "cancer-1_C_160": 559, "cancer-1_C_161": 560, "cancer-1_C_162": 561, "cancer-1_C_163": 562, "cancer-1_C_164": 563, "cancer-1_C_165": 564, "cancer-1_C_166": 565, "cancer-1_C_167": 566, "cancer-1_C_168": 567, "cancer-1_C_169": 568, "cancer-1_C_170": 569, "cancer-1_C_171": 570, "cancer-1_C_172": 571, "cancer-1_C_173": 572, "cancer-1_C_174": 573, "cancer-1_C_175": 574, "cancer-1_C_176": 575, "cancer-1_C_177": 576, "cancer-1_C_178": 577, "cancer-1_C_179": 578, "cancer-1_C_180": 579, "cancer-1_C_181": 580, "cancer-1_C_182": 581, "cancer-1_C_183": 582, "cancer-1_C_184": 583, "cancer-1_C_185": 584, "cancer-1_C_186": 585, "cancer-1_C_187": 586, "cancer-1_C_188": 587, "cancer-1_C_189": 588, "cancer-1_C_190": 589, "cancer-1_C_191": 590, "cancer-1_C_192": 591, "cancer-1_C_193": 592, "cancer-1_C_194": 593, "cancer-1_C_195": 594, "cancer-1_C_196": 595, "cancer-1_C_197": 596, "cancer-1_C_198": 597, "cancer-1_C_199": 598, "cancer-1_C_200": 599}